,ReleaseDate,TaxID,ScientificName,species_tax_id,class_tax_id,strain_tax_id,species,LibraryLayout,Platform,Model,Run,SRAStudy,BioProject,ProjectID,Sample,BioSample,Submission,LibraryStrategy,LibrarySelection,LibrarySource,Body_Site,CenterName,InsertSize,InsertDev,SRA ID,GEO Series,GEO Sample,PMID,Biosample ID,biosample_strain,biosample_genotype,reference_sequence,project,condition,reference_condition,strain_description,base_media,carbon_source,nitrogen_source,aerobicity,supplement,temperature,pH,growth_phase,OD,additional_notes,ScientificName_curated,Host,Knockout,Other_available_omics,Biological_replicate,Technical_replicate,SampleID,R1,R2,passed_fastqc,passed_reads_mapped_to_CDS,passed_global_correlation,full_name,passed_similar_replicates,passed_number_replicates
SRX1392948,8/9/16 15:48,90371,Salmonella enterica subsp. enterica serovar Typhimurium str. UK-1,28901,1236,90371,Salmonella enterica,SINGLE,ILLUMINA,Illumina HiSeq 2500,SRR2846608,SRP065437,PRJNA300406,300406,SRS1138036,SAMN04221296,SRA307745,RNA-Seq,cDNA,TRANSCRIPTOMIC,,GEO,0,0,1978707,GSE74433,GSM1920472,27601574,4221296,SF101,SF101,"NC_016863.1, NC_016864.1",aroA,SF101,WT_vivo,del_aroA,LB,,,Aerobic,,37C,,mid-log,2,,Salmonella enterica subsp. enterica serovar Typhimurium str. SF101,,aroA,,1,1,SF101_1,,,True,True,True,aroA:SF101,True,True
SRX1392949,8/9/16 15:48,90371,Salmonella enterica subsp. enterica serovar Typhimurium str. UK-1,28901,1236,90371,Salmonella enterica,SINGLE,ILLUMINA,Illumina HiSeq 2500,SRR2846609,SRP065437,PRJNA300406,300406,SRS1138035,SAMN04221297,SRA307745,RNA-Seq,cDNA,TRANSCRIPTOMIC,,GEO,0,0,1978708,GSE74433,GSM1920473,27601574,4221297,SF101,SF101,"NC_016863.1, NC_016864.1",aroA,SF101,WT_vivo,del_aroA,LB,,,Aerobic,,37C,,mid-log,2,,Salmonella enterica subsp. enterica serovar Typhimurium str. SF101,,aroA,,2,1,SF101_2,,,True,True,True,aroA:SF101,True,True
SRX1392950,8/9/16 15:48,90371,Salmonella enterica subsp. enterica serovar Typhimurium str. UK-1,28901,1236,90371,Salmonella enterica,SINGLE,ILLUMINA,Illumina HiSeq 2500,SRR2846610,SRP065437,PRJNA300406,300406,SRS1138033,SAMN04221298,SRA307745,RNA-Seq,cDNA,TRANSCRIPTOMIC,,GEO,0,0,1978709,GSE74433,GSM1920474,27601574,4221298,SF100,SF100,"NC_016863.1, NC_016864.1",aroA,SF100,WT_vivo,ΔlpxR9 ΔpagL7 ΔpagP8,LB,,,Aerobic,,37C,,mid-log,2,,Salmonella enterica subsp. enterica serovar Typhimurium str. SF100,,ΔlpxR9 ΔpagL7 ΔpagP8,,1,1,SF100_1,,,True,True,True,aroA:SF100,True,True
SRX1392951,8/9/16 15:48,90371,Salmonella enterica subsp. enterica serovar Typhimurium str. UK-1,28901,1236,90371,Salmonella enterica,SINGLE,ILLUMINA,Illumina HiSeq 2500,SRR2846611,SRP065437,PRJNA300406,300406,SRS1138027,SAMN04221299,SRA307745,RNA-Seq,cDNA,TRANSCRIPTOMIC,,GEO,0,0,1978710,GSE74433,GSM1920475,27601574,4221299,SF100,SF100,"NC_016863.1, NC_016864.1",aroA,SF100,WT_vivo,ΔlpxR9 ΔpagL7 ΔpagP8,LB,,,Aerobic,,37C,,mid-log,2,,Salmonella enterica subsp. enterica serovar Typhimurium str. SF100,,ΔlpxR9 ΔpagL7 ΔpagP8,,2,1,SF100_2,,,True,True,True,aroA:SF100,True,True
SRX1392954,8/9/16 15:48,90371,Salmonella enterica subsp. enterica serovar Typhimurium str. UK-1,28901,1236,90371,Salmonella enterica,SINGLE,ILLUMINA,Illumina HiSeq 2500,SRR2846614,SRP065437,PRJNA300406,300406,SRS1138031,SAMN04221302,SRA307745,RNA-Seq,cDNA,TRANSCRIPTOMIC,,GEO,0,0,1978713,GSE74433,GSM1920478,27601574,4221302,wildtype,wildtype,"NC_016863.1, NC_016864.1",aroA,WT_vivo,WT_vivo,WT,,,,Aerobic,,,,,,CT26 tumor infected with S. Typhimurium,Salmonella enterica subsp. enterica serovar Typhimurium str. UK-1,Mouse,WT,,1,1,WT_vivo_1,,,True,True,True,aroA:WT_vivo,True,True
SRX1392955,8/9/16 15:48,90371,Salmonella enterica subsp. enterica serovar Typhimurium str. UK-1,28901,1236,90371,Salmonella enterica,SINGLE,ILLUMINA,Illumina HiSeq 2500,SRR2846615,SRP065437,PRJNA300406,300406,SRS1138030,SAMN04221303,SRA307745,RNA-Seq,cDNA,TRANSCRIPTOMIC,,GEO,0,0,1978714,GSE74433,GSM1920479,27601574,4221303,wildtype,wildtype,"NC_016863.1, NC_016864.1",aroA,WT_vivo,WT_vivo,WT,,,,Aerobic,,,,,,CT26 tumor infected with S. Typhimurium,Salmonella enterica subsp. enterica serovar Typhimurium str. UK-1,Mouse,WT,,2,1,WT_vivo_2,,,True,True,True,aroA:WT_vivo,True,True
SRX4340129,11/28/19 19:58,90371,Salmonella enterica subsp. enterica serovar Typhimurium str. UK-1,28901,1236,90371,Salmonella enterica,SINGLE,ILLUMINA,Illumina HiSeq 2500,SRR7470362,SRP151987,PRJNA479668,479668,SRS3500859,SAMN09598762,SRA733310,RNA-Seq,cDNA,TRANSCRIPTOMIC,,GEO,0,0,5895817,GSE116623,GSM3244218,31755108,9598762,SF102,SF102,"NC_016863.1, NC_016864.1",flagella_mutants,SF102,SF102,SF102,LB,,,Aerobic,,37C,,mid-log,2,,Salmonella enterica subsp. enterica serovar Typhimurium str. SF102,Mouse,ΔlpxR ΔpagP ΔpagL ΔaroA,,1,1,SF102_1,,,True,True,True,flagella_mutants:SF102,True,True
SRX4340130,11/28/19 19:58,90371,Salmonella enterica subsp. enterica serovar Typhimurium str. UK-1,28901,1236,90371,Salmonella enterica,SINGLE,ILLUMINA,Illumina HiSeq 2500,SRR7470363,SRP151987,PRJNA479668,479668,SRS3500860,SAMN09598761,SRA733310,RNA-Seq,cDNA,TRANSCRIPTOMIC,,GEO,0,0,5895818,GSE116623,GSM3244219,31755108,9598761,SF102,SF102,"NC_016863.1, NC_016864.1",flagella_mutants,SF102,SF102,SF102,LB,,,Aerobic,,37C,,mid-log,2,,Salmonella enterica subsp. enterica serovar Typhimurium str. SF102,Mouse,ΔlpxR ΔpagP ΔpagL ΔaroA,,2,1,SF102_2,,,True,True,True,flagella_mutants:SF102,True,True
SRX4340131,11/28/19 19:58,90371,Salmonella enterica subsp. enterica serovar Typhimurium str. UK-1,28901,1236,90371,Salmonella enterica,SINGLE,ILLUMINA,Illumina HiSeq 2500,SRR7470364,SRP151987,PRJNA479668,479668,SRS3500861,SAMN09598760,SRA733310,RNA-Seq,cDNA,TRANSCRIPTOMIC,,GEO,0,0,5895819,GSE116623,GSM3244220,31755108,9598760,del_fliHIJ,del_fliHIJ,"NC_016863.1, NC_016864.1",flagella_mutants,del_fliHIJ,SF102,del_fliHIJ,LB,,,Aerobic,,37C,,mid-log,2,,Salmonella enterica subsp. enterica serovar Typhimurium str. SF102,Mouse,fliHIJ,,1,1,del_fliHIJ_1,,,True,True,True,flagella_mutants:del_fliHIJ,True,True
SRX4340132,11/28/19 19:58,90371,Salmonella enterica subsp. enterica serovar Typhimurium str. UK-1,28901,1236,90371,Salmonella enterica,SINGLE,ILLUMINA,Illumina HiSeq 2500,SRR7470365,SRP151987,PRJNA479668,479668,SRS3500862,SAMN09598765,SRA733310,RNA-Seq,cDNA,TRANSCRIPTOMIC,,GEO,0,0,5895820,GSE116623,GSM3244221,31755108,9598765,del_fliHIJ,del_fliHIJ,"NC_016863.1, NC_016864.1",flagella_mutants,del_fliHIJ,SF102,del_fliHIJ,LB,,,Aerobic,,37C,,mid-log,2,,Salmonella enterica subsp. enterica serovar Typhimurium str. SF102,Mouse,fliHIJ,,2,1,del_fliHIJ_2,,,True,True,True,flagella_mutants:del_fliHIJ,True,True
SRX4340133,11/28/19 19:58,90371,Salmonella enterica subsp. enterica serovar Typhimurium str. UK-1,28901,1236,90371,Salmonella enterica,SINGLE,ILLUMINA,Illumina HiSeq 2500,SRR7470366,SRP151987,PRJNA479668,479668,SRS3500863,SAMN09598764,SRA733310,RNA-Seq,cDNA,TRANSCRIPTOMIC,,GEO,0,0,5895821,GSE116623,GSM3244222,31755108,9598764,del_fliF,del_fliF,"NC_016863.1, NC_016864.1",flagella_mutants,del_fliF,SF102,del_fliF,LB,,,Aerobic,,37C,,mid-log,2,,Salmonella enterica subsp. enterica serovar Typhimurium str. SF102,Mouse,fliF,,1,1,del_fliF_1,,,True,True,True,flagella_mutants:del_fliF,True,True
SRX4340134,11/28/19 19:58,90371,Salmonella enterica subsp. enterica serovar Typhimurium str. UK-1,28901,1236,90371,Salmonella enterica,SINGLE,ILLUMINA,Illumina HiSeq 2500,SRR7470367,SRP151987,PRJNA479668,479668,SRS3500864,SAMN09598763,SRA733310,RNA-Seq,cDNA,TRANSCRIPTOMIC,,GEO,0,0,5895822,GSE116623,GSM3244223,31755108,9598763,del_fliF,del_fliF,"NC_016863.1, NC_016864.1",flagella_mutants,del_fliF,SF102,del_fliF,LB,,,Aerobic,,37C,,mid-log,2,,Salmonella enterica subsp. enterica serovar Typhimurium str. SF102,Mouse,fliF,,2,1,del_fliF_2,,,True,True,True,flagella_mutants:del_fliF,True,True
SRX8537506,2020-06-12 12:47:32,90371,Salmonella enterica subsp. enterica serovar Typhimurium str. UK-1,28901,1236,90371,Salmonella enterica,SINGLE,BGISEQ,BGISEQ-500,SRR12004287,SRP267076,PRJNA639098,639098,SRS6832467,SAMN15223292,SRA1086384,RNA-Seq,PCR,TRANSCRIPTOMIC,,SHANDONG UNIVERSITY,0,0,11095045,,,,15223292,8956,,"NC_016863.1, NC_016864.1",myricanol,Control,Control,8956,,,,Aerobic,,,,,,,Salmonella enterica subsp. enterica serovar Typhimurium str. 8956,Human,WT,,1,1,Control_1,,,True,True,True,myricanol:Control,True,True
SRX8537507,2020-06-12 13:17:39,90371,Salmonella enterica subsp. enterica serovar Typhimurium str. UK-1,28901,1236,90371,Salmonella enterica,SINGLE,BGISEQ,BGISEQ-500,SRR12004286,SRP267076,PRJNA639098,639098,SRS6832468,SAMN15223293,SRA1086384,RNA-Seq,PCR,TRANSCRIPTOMIC,,SHANDONG UNIVERSITY,0,0,11095046,,,,15223293,8956,,"NC_016863.1, NC_016864.1",myricanol,Control,Control,8956,,,,Aerobic,,,,,,,Salmonella enterica subsp. enterica serovar Typhimurium str. 8956,Human,WT,,2,1,Control_2,,,True,True,True,myricanol:Control,True,True
SRX8537508,2020-06-12 12:46:13,90371,Salmonella enterica subsp. enterica serovar Typhimurium str. UK-1,28901,1236,90371,Salmonella enterica,SINGLE,BGISEQ,BGISEQ-500,SRR12004285,SRP267076,PRJNA639098,639098,SRS6832469,SAMN15223294,SRA1086384,RNA-Seq,PCR,TRANSCRIPTOMIC,,SHANDONG UNIVERSITY,0,0,11095047,,,,15223294,8956,,"NC_016863.1, NC_016864.1",myricanol,Control,Control,8956,,,,Aerobic,,,,,,,Salmonella enterica subsp. enterica serovar Typhimurium str. 8956,Human,WT,,3,1,Control_3,,,True,True,True,myricanol:Control,True,True
SRX8537509,2020-06-12 13:24:44,90371,Salmonella enterica subsp. enterica serovar Typhimurium str. UK-1,28901,1236,90371,Salmonella enterica,SINGLE,BGISEQ,BGISEQ-500,SRR12004284,SRP267076,PRJNA639098,639098,SRS6832470,SAMN15223295,SRA1086384,RNA-Seq,PCR,TRANSCRIPTOMIC,,SHANDONG UNIVERSITY,0,0,11095048,,,,15223295,8956,,"NC_016863.1, NC_016864.1",myricanol,Myricanol,Control,8956,,,,Aerobic,,,,,,,Salmonella enterica subsp. enterica serovar Typhimurium str. 8956,Human,WT,,1,1,Myricanol_1,,,True,True,True,myricanol:Myricanol,True,True
SRX8537510,2020-06-12 12:46:13,90371,Salmonella enterica subsp. enterica serovar Typhimurium str. UK-1,28901,1236,90371,Salmonella enterica,SINGLE,BGISEQ,BGISEQ-500,SRR12004283,SRP267076,PRJNA639098,639098,SRS6832471,SAMN15223296,SRA1086384,RNA-Seq,PCR,TRANSCRIPTOMIC,,SHANDONG UNIVERSITY,0,0,11095049,,,,15223296,8956,,"NC_016863.1, NC_016864.1",myricanol,Myricanol,Control,8956,,,,Aerobic,,,,,,,Salmonella enterica subsp. enterica serovar Typhimurium str. 8956,Human,WT,,2,1,Myricanol_2,,,True,True,True,myricanol:Myricanol,True,True
SRX8537511,2020-06-12 12:47:32,90371,Salmonella enterica subsp. enterica serovar Typhimurium str. UK-1,28901,1236,90371,Salmonella enterica,SINGLE,BGISEQ,BGISEQ-500,SRR12004282,SRP267076,PRJNA639098,639098,SRS6832472,SAMN15223297,SRA1086384,RNA-Seq,PCR,TRANSCRIPTOMIC,,SHANDONG UNIVERSITY,0,0,11095050,,,,15223297,8956,,"NC_016863.1, NC_016864.1",myricanol,Myricanol,Control,8956,,,,Aerobic,,,,,,,Salmonella enterica subsp. enterica serovar Typhimurium str. 8956,Human,WT,,3,1,Myricanol_3,,,True,True,True,myricanol:Myricanol,True,True
